Seller ID,Probabilidade_de_Transacao
100000011,0.4630017430077691
100000095,0.4630017430077691
100000348,0.4517911642732291
100001955,0.39543476830969837
100000037,0.36803789251831537
100001098,0.36803789251831537
100000602,0.35304797639907814
100000111,0.32517789717437073
100000819,0.27249121898408935
100000587,0.2608792693989524
100001968,0.21387286751026233
100000195,0.16978773777198125
100000638,0.16978773777198125
100002332,0.1430002707783013
100000875,0.13606766620253125
100000544,0.13606766620253125
100002364,0.13534146012808188
100002337,0.12581575970363576
100002391,0.12581575970363576
100000009,0.12006890968553625
100000705,0.11317140999159338
100000481,0.10224553232092941
100000359,0.10224553232092941
100002421,0.08344464282696155
100002390,0.08344464282696155
100002398,0.08344464282696155
100002339,0.08344464282696155
100000247,0.08344464282696155
100002334,0.08344464282696155
100000203,0.08344464282696155
100002359,0.08344464282696155
100000903,0.08344464282696155
100001837,0.08344464282696155
100002406,0.08344464282696155
100002411,0.08344464282696155
100002326,0.08344464282696155
100000038,0.08344464282696155
100000060,0.08237128231090675
100001050,0.08237128231090675
100001865,0.08237128231090675
100000237,0.08237128231090675
100001779,0.08053503435059173
100002075,0.07153736456304527
100001952,0.07153736456304527
100000112,0.07153736456304527
100000953,0.07153736456304527
100000770,0.07153736456304527
100000985,0.06942044642493447
100000133,0.06854558751727097
100000408,0.06833271858763883
100002383,0.06833271858763883
100001739,0.065393624951248
100000790,0.065393624951248
100002318,0.06534418330811097
100000519,0.06294065847192695
100001997,0.06294065847192695
100002362,0.05674540991805223
100001041,0.05674540991805223
100002335,0.05674540991805223
100002328,0.05674540991805223
100000699,0.05674540991805223
100002378,0.05674540991805223
100000991,0.05674540991805223
100001279,0.056703600211184556
100000289,0.05283283552130916
100001370,0.05283283552130916
100001391,0.05063188221643814
100000737,0.05063188221643814
100002368,0.04946913878600645
100000316,0.04946913878600645
100000165,0.04946913878600645
100002319,0.04946913878600645
100002361,0.04946913878600645
100002321,0.04946913878600645
100002304,0.04946913878600645
100001996,0.04934361940917183
100002035,0.0445970650300576
100000765,0.04406078718558765
100000829,0.04298274993164772
100000243,0.04288839592532453
100002201,0.04288839592532453
100001525,0.04288839592532453
100000413,0.04288839592532453
100000228,0.04288839592532453
100000909,0.04288839592532453
100001030,0.04288839592532453
100002376,0.042375654988043215
100002266,0.04194254324337686
100001132,0.040748465862400114
100000135,0.040176022987291754
100002169,0.040176022987291754
100000440,0.040176022987291754
100001979,0.040176022987291754
100001978,0.040176022987291754
100000898,0.039847841966454405
100001005,0.03816603098709552
100000329,0.03816603098709552
100002232,0.03699934633230207
100000751,0.03699934633230207
100000773,0.03699934633230207
100000260,0.03699934633230207
100002017,0.03699934633230207
100002271,0.03699934633230207
100001074,0.03699934633230207
100002106,0.03699934633230207
100002280,0.03699934633230207
100001151,0.03699934633230207
100002300,0.03699934633230207
100002402,0.035468958111614476
100001362,0.035468958111614476
100000141,0.035468958111614476
100002426,0.035468958111614476
100001835,0.0353321138141045
100000068,0.0353321138141045
100001284,0.0353321138141045
100000076,0.03531251856369123
100000814,0.03531251856369123
100001363,0.03531251856369123
100002097,0.034842769729859335
100000077,0.034842769729859335
100000335,0.034842769729859335
100000767,0.034842769729859335
100002000,0.034842769729859335
100000905,0.03370040761184415
100000500,0.03370040761184415
100001343,0.033380506452936054
100002150,0.033380506452936054
100001152,0.03300972081037352
100001249,0.03300972081037352
100001095,0.03300972081037352
100002215,0.03300972081037352
100002303,0.03300972081037352
100001895,0.03300972081037352
100000008,0.03300972081037352
100001472,0.03300972081037352
100002019,0.03300972081037352
100000354,0.03300972081037352
100001924,0.03300972081037352
100002038,0.03300972081037352
100002094,0.03239942418273046
100002090,0.03239942418273046
100002092,0.03239942418273046
100002078,0.03239942418273046
100002076,0.03239942418273046
100002074,0.03239942418273046
100002085,0.03239942418273046
100002083,0.03239942418273046
100002082,0.03239942418273046
100002081,0.03239942418273046
100002080,0.03239942418273046
100002101,0.03239942418273046
100000980,0.03239942418273046
100001036,0.03239942418273046
100000122,0.03239942418273046
100001051,0.03239942418273046
100002098,0.03239942418273046
100002104,0.03239942418273046
100002103,0.03239942418273046
100002105,0.03239942418273046
100002109,0.03239942418273046
100002115,0.03239942418273046
100002073,0.03239942418273046
100000926,0.03239942418273046
100002070,0.03239942418273046
100000937,0.03239942418273046
100000962,0.03239942418273046
100001761,0.03239942418273046
100001201,0.03239942418273046
100000116,0.03239942418273046
100001173,0.03239942418273046
100001746,0.03239942418273046
100001740,0.03239942418273046
100002190,0.03239942418273046
100001127,0.03239942418273046
100000127,0.03239942418273046
100000010,0.03239942418273046
100002016,0.03239942418273046
100002015,0.03239942418273046
100002013,0.03239942418273046
100002014,0.03239942418273046
100001640,0.03239942418273046
100001683,0.03239942418273046
100002011,0.03239942418273046
100002010,0.03239942418273046
100002009,0.03239942418273046
100002008,0.03239942418273046
100001649,0.03239942418273046
100001626,0.03239942418273046
100001638,0.03239942418273046
100002012,0.03239942418273046
100000021,0.03239942418273046
100001252,0.03239942418273046
100001240,0.03239942418273046
100002111,0.03239942418273046
100002116,0.03239942418273046
100002119,0.03239942418273046
100002120,0.03239942418273046
100002122,0.03239942418273046
100000485,0.03239942418273046
100000454,0.03239942418273046
100000200,0.03239942418273046
100000496,0.03239942418273046
100001893,0.03239942418273046
100001878,0.03239942418273046
100000517,0.03239942418273046
100000227,0.03239942418273046
100002068,0.03239942418273046
100002067,0.03239942418273046
100000758,0.03239942418273046
100000209,0.03239942418273046
100002058,0.03239942418273046
100002059,0.03239942418273046
100002065,0.03239942418273046
100002066,0.03239942418273046
100001860,0.03239942418273046
100000769,0.03239942418273046
100001826,0.03239942418273046
100000896,0.03239942418273046
100001446,0.03239942418273046
100000155,0.03239942418273046
100000912,0.03239942418273046
100002096,0.03239942418273046
100000191,0.03239942418273046
100000798,0.03239942418273046
100001859,0.03239942418273046
100000087,0.03239942418273046
100001704,0.03239942418273046
100001945,0.03239942418273046
100000368,0.03239942418273046
100001925,0.03239942418273046
100001980,0.03239942418273046
100000325,0.03239942418273046
100002031,0.03239942418273046
100002032,0.03239942418273046
100002028,0.03239942418273046
100002023,0.03239942418273046
100002025,0.03239942418273046
100002026,0.03239942418273046
100002022,0.03239942418273046
100000394,0.03239942418273046
100002042,0.03239942418273046
100002048,0.03239942418273046
100001933,0.03239942418273046
100001929,0.03239942418273046
100001944,0.03239942418273046
100001988,0.03239942418273046
100002302,0.03239942418273046
100001463,0.03239942418273046
100001628,0.03239942418273046
100001982,0.03239942418273046
100001987,0.03239942418273046
100001986,0.03239942418273046
100001984,0.03239942418273046
100001991,0.03239942418273046
100001999,0.03239942418273046
100001992,0.03239942418273046
100001989,0.03239942418273046
100002001,0.03239942418273046
100002003,0.03239942418273046
100002002,0.03239942418273046
100002004,0.03239942418273046
100000292,0.03239942418273046
100000029,0.03231264460673768
100000020,0.03231264460673768
100000018,0.03231264460673768
100000017,0.03231264460673768
100000015,0.03231264460673768
100000014,0.03231264460673768
100000013,0.03231264460673768
100000012,0.03231264460673768
100000007,0.03231264460673768
100001673,0.03231264460673768
100000025,0.03231264460673768
100000026,0.03231264460673768
100000027,0.03231264460673768
100001674,0.03231264460673768
100001675,0.03231264460673768
100001677,0.03231264460673768
100001678,0.03231264460673768
100001679,0.03231264460673768
100001680,0.03231264460673768
100001681,0.03231264460673768
100001682,0.03231264460673768
100001684,0.03231264460673768
100001685,0.03231264460673768
100001639,0.03231264460673768
100001641,0.03231264460673768
100001642,0.03231264460673768
100000274,0.03231264460673768
100000277,0.03231264460673768
100000248,0.03231264460673768
100000249,0.03231264460673768
100000250,0.03231264460673768
100000252,0.03231264460673768
100000253,0.03231264460673768
100000306,0.03231264460673768
100000279,0.03231264460673768
100000281,0.03231264460673768
100000282,0.03231264460673768
100000284,0.03231264460673768
100000285,0.03231264460673768
100000287,0.03231264460673768
100000288,0.03231264460673768
100000290,0.03231264460673768
100000259,0.03231264460673768
100000230,0.03231264460673768
100000231,0.03231264460673768
100000232,0.03231264460673768
100000323,0.03231264460673768
100000295,0.03231264460673768
100000297,0.03231264460673768
100000299,0.03231264460673768
100000300,0.03231264460673768
100000305,0.03231264460673768
100000262,0.03231264460673768
100000265,0.03231264460673768
100000267,0.03231264460673768
100000270,0.03231264460673768
100000271,0.03231264460673768
100000273,0.03231264460673768
100000327,0.03231264460673768
100000328,0.03231264460673768
100000330,0.03231264460673768
100000331,0.03231264460673768
100000333,0.03231264460673768
100000338,0.03231264460673768
100000311,0.03231264460673768
100000312,0.03231264460673768
100000313,0.03231264460673768
100000314,0.03231264460673768
100000317,0.03231264460673768
100000319,0.03231264460673768
100000320,0.03231264460673768
100000254,0.03231264460673768
100000256,0.03231264460673768
100000257,0.03231264460673768
100001937,0.03231264460673768
100001938,0.03231264460673768
100001939,0.03231264460673768
100001940,0.03231264460673768
100001941,0.03231264460673768
100000343,0.03231264460673768
100000344,0.03231264460673768
100000345,0.03231264460673768
100000347,0.03231264460673768
100000350,0.03231264460673768
100000352,0.03231264460673768
100000353,0.03231264460673768
100000356,0.03231264460673768
100001942,0.03231264460673768
100001943,0.03231264460673768
100000326,0.03231264460673768
100000235,0.03231264460673768
100000236,0.03231264460673768
100000238,0.03231264460673768
100000239,0.03231264460673768
100000241,0.03231264460673768
100000245,0.03231264460673768
100000215,0.03231264460673768
100000216,0.03231264460673768
100000217,0.03231264460673768
100001927,0.03231264460673768
100001928,0.03231264460673768
100001930,0.03231264460673768
100001931,0.03231264460673768
100001932,0.03231264460673768
100001935,0.03231264460673768
100001936,0.03231264460673768
100000384,0.03231264460673768
100000385,0.03231264460673768
100000386,0.03231264460673768
100000389,0.03231264460673768
100000358,0.03231264460673768
100000360,0.03231264460673768
100000361,0.03231264460673768
100000363,0.03231264460673768
100000364,0.03231264460673768
100000365,0.03231264460673768
100000370,0.03231264460673768
100000371,0.03231264460673768
100000372,0.03231264460673768
100000373,0.03231264460673768
100000233,0.03231264460673768
100000234,0.03231264460673768
100000399,0.03231264460673768
100000400,0.03231264460673768
100000401,0.03231264460673768
100000402,0.03231264460673768
100000403,0.03231264460673768
100000404,0.03231264460673768
100000405,0.03231264460673768
100000374,0.03231264460673768
100000375,0.03231264460673768
100000376,0.03231264460673768
100000377,0.03231264460673768
100000378,0.03231264460673768
100000379,0.03231264460673768
100000380,0.03231264460673768
100000381,0.03231264460673768
100000382,0.03231264460673768
100000411,0.03231264460673768
100000412,0.03231264460673768
100000414,0.03231264460673768
100000415,0.03231264460673768
100000416,0.03231264460673768
100000417,0.03231264460673768
100000418,0.03231264460673768
100000419,0.03231264460673768
100000420,0.03231264460673768
100000421,0.03231264460673768
100000390,0.03231264460673768
100000391,0.03231264460673768
100000392,0.03231264460673768
100000393,0.03231264460673768
100000395,0.03231264460673768
100000396,0.03231264460673768
100000424,0.03231264460673768
100000425,0.03231264460673768
100000426,0.03231264460673768
100000427,0.03231264460673768
100000428,0.03231264460673768
100000429,0.03231264460673768
100000430,0.03231264460673768
100000431,0.03231264460673768
100000432,0.03231264460673768
100000433,0.03231264460673768
100000434,0.03231264460673768
100000435,0.03231264460673768
100000436,0.03231264460673768
100000406,0.03231264460673768
100000409,0.03231264460673768
100000410,0.03231264460673768
100000450,0.03231264460673768
100000451,0.03231264460673768
100000452,0.03231264460673768
100001910,0.03231264460673768
100001911,0.03231264460673768
100001912,0.03231264460673768
100001914,0.03231264460673768
100001915,0.03231264460673768
100001916,0.03231264460673768
100001917,0.03231264460673768
100001918,0.03231264460673768
100001919,0.03231264460673768
100001920,0.03231264460673768
100001922,0.03231264460673768
100000422,0.03231264460673768
100000423,0.03231264460673768
100000463,0.03231264460673768
100000464,0.03231264460673768
100000465,0.03231264460673768
100000466,0.03231264460673768
100000467,0.03231264460673768
100000468,0.03231264460673768
100000469,0.03231264460673768
100000438,0.03231264460673768
100000439,0.03231264460673768
100000441,0.03231264460673768
100000442,0.03231264460673768
100000443,0.03231264460673768
100000444,0.03231264460673768
100000446,0.03231264460673768
100000447,0.03231264460673768
100000448,0.03231264460673768
100000472,0.03231264460673768
100000473,0.03231264460673768
100000475,0.03231264460673768
100000476,0.03231264460673768
100000477,0.03231264460673768
100000478,0.03231264460673768
100000479,0.03231264460673768
100000483,0.03231264460673768
100000484,0.03231264460673768
100000455,0.03231264460673768
100000457,0.03231264460673768
100000458,0.03231264460673768
100000459,0.03231264460673768
100000460,0.03231264460673768
100000461,0.03231264460673768
100000462,0.03231264460673768
100000219,0.03231264460673768
100000221,0.03231264460673768
100000222,0.03231264460673768
100000225,0.03231264460673768
100000229,0.03231264460673768
100000198,0.03231264460673768
100000201,0.03231264460673768
100000204,0.03231264460673768
100000205,0.03231264460673768
100000206,0.03231264460673768
100000207,0.03231264460673768
100000492,0.03231264460673768
100000493,0.03231264460673768
100000495,0.03231264460673768
100000498,0.03231264460673768
100000499,0.03231264460673768
100001894,0.03231264460673768
100001896,0.03231264460673768
100001897,0.03231264460673768
100001899,0.03231264460673768
100001902,0.03231264460673768
100001903,0.03231264460673768
100001905,0.03231264460673768
100001906,0.03231264460673768
100001907,0.03231264460673768
100001908,0.03231264460673768
100001909,0.03231264460673768
100000487,0.03231264460673768
100000488,0.03231264460673768
100000489,0.03231264460673768
100000491,0.03231264460673768
100000218,0.03231264460673768
100000529,0.03231264460673768
100000530,0.03231264460673768
100000531,0.03231264460673768
100000532,0.03231264460673768
100000533,0.03231264460673768
100000502,0.03231264460673768
100000503,0.03231264460673768
100000504,0.03231264460673768
100000505,0.03231264460673768
100000506,0.03231264460673768
100000509,0.03231264460673768
100000510,0.03231264460673768
100000511,0.03231264460673768
100000512,0.03231264460673768
100000513,0.03231264460673768
100000514,0.03231264460673768
100000545,0.03231264460673768
100000548,0.03231264460673768
100000549,0.03231264460673768
100001879,0.03231264460673768
100001880,0.03231264460673768
100001881,0.03231264460673768
100001884,0.03231264460673768
100001885,0.03231264460673768
100001886,0.03231264460673768
100001887,0.03231264460673768
100001890,0.03231264460673768
100001891,0.03231264460673768
100001892,0.03231264460673768
100000526,0.03231264460673768
100000527,0.03231264460673768
100000528,0.03231264460673768
100000560,0.03231264460673768
100000561,0.03231264460673768
100000562,0.03231264460673768
100000563,0.03231264460673768
100000564,0.03231264460673768
100000565,0.03231264460673768
100000534,0.03231264460673768
100000535,0.03231264460673768
100000536,0.03231264460673768
100000537,0.03231264460673768
100000538,0.03231264460673768
100000539,0.03231264460673768
100000540,0.03231264460673768
100000541,0.03231264460673768
100000542,0.03231264460673768
100000543,0.03231264460673768
100000574,0.03231264460673768
100000575,0.03231264460673768
100000576,0.03231264460673768
100000577,0.03231264460673768
100000578,0.03231264460673768
100000579,0.03231264460673768
100000580,0.03231264460673768
100000581,0.03231264460673768
100000551,0.03231264460673768
100000552,0.03231264460673768
100000553,0.03231264460673768
100000554,0.03231264460673768
100000555,0.03231264460673768
100000556,0.03231264460673768
100000557,0.03231264460673768
100000559,0.03231264460673768
100000590,0.03231264460673768
100000591,0.03231264460673768
100000592,0.03231264460673768
100000593,0.03231264460673768
100000594,0.03231264460673768
100000595,0.03231264460673768
100000596,0.03231264460673768
100000597,0.03231264460673768
100000566,0.03231264460673768
100000567,0.03231264460673768
100000568,0.03231264460673768
100000569,0.03231264460673768
100000570,0.03231264460673768
100000571,0.03231264460673768
100000572,0.03231264460673768
100000573,0.03231264460673768
100000603,0.03231264460673768
100000604,0.03231264460673768
100000605,0.03231264460673768
100000606,0.03231264460673768
100000607,0.03231264460673768
100000608,0.03231264460673768
100000609,0.03231264460673768
100000610,0.03231264460673768
100000611,0.03231264460673768
100000612,0.03231264460673768
100000613,0.03231264460673768
100000582,0.03231264460673768
100000583,0.03231264460673768
100000585,0.03231264460673768
100000586,0.03231264460673768
100000589,0.03231264460673768
100000617,0.03231264460673768
100000618,0.03231264460673768
100000619,0.03231264460673768
100000620,0.03231264460673768
100000622,0.03231264460673768
100000623,0.03231264460673768
100000624,0.03231264460673768
100000625,0.03231264460673768
100000626,0.03231264460673768
100000627,0.03231264460673768
100000628,0.03231264460673768
100000629,0.03231264460673768
100000598,0.03231264460673768
100000599,0.03231264460673768
100000600,0.03231264460673768
100000601,0.03231264460673768
100000660,0.03231264460673768
100000661,0.03231264460673768
100000630,0.03231264460673768
100000631,0.03231264460673768
100000632,0.03231264460673768
100000634,0.03231264460673768
100000635,0.03231264460673768
100000636,0.03231264460673768
100000639,0.03231264460673768
100000640,0.03231264460673768
100000641,0.03231264460673768
100000644,0.03231264460673768
100000645,0.03231264460673768
100000614,0.03231264460673768
100000615,0.03231264460673768
100000616,0.03231264460673768
100000211,0.03231264460673768
100000212,0.03231264460673768
100000213,0.03231264460673768
100000182,0.03231264460673768
100000183,0.03231264460673768
100000184,0.03231264460673768
100000185,0.03231264460673768
100000187,0.03231264460673768
100000650,0.03231264460673768
100000651,0.03231264460673768
100000652,0.03231264460673768
100000653,0.03231264460673768
100000654,0.03231264460673768
100000656,0.03231264460673768
100000657,0.03231264460673768
100000658,0.03231264460673768
100001863,0.03231264460673768
100001864,0.03231264460673768
100001866,0.03231264460673768
100001867,0.03231264460673768
100001868,0.03231264460673768
100001869,0.03231264460673768
100001871,0.03231264460673768
100001872,0.03231264460673768
100001873,0.03231264460673768
100001874,0.03231264460673768
100001876,0.03231264460673768
100001877,0.03231264460673768
100000646,0.03231264460673768
100000647,0.03231264460673768
100000648,0.03231264460673768
100000210,0.03231264460673768
100000693,0.03231264460673768
100000662,0.03231264460673768
100000663,0.03231264460673768
100000664,0.03231264460673768
100000665,0.03231264460673768
100000666,0.03231264460673768
100000667,0.03231264460673768
100000668,0.03231264460673768
100000670,0.03231264460673768
100000671,0.03231264460673768
100000672,0.03231264460673768
100000674,0.03231264460673768
100000675,0.03231264460673768
100000676,0.03231264460673768
100000677,0.03231264460673768
100001862,0.03231264460673768
100000707,0.03231264460673768
100000708,0.03231264460673768
100000709,0.03231264460673768
100000678,0.03231264460673768
100000679,0.03231264460673768
100000680,0.03231264460673768
100000681,0.03231264460673768
100000682,0.03231264460673768
100000683,0.03231264460673768
100000684,0.03231264460673768
100000686,0.03231264460673768
100000688,0.03231264460673768
100000689,0.03231264460673768
100000690,0.03231264460673768
100000691,0.03231264460673768
100000692,0.03231264460673768
100000720,0.03231264460673768
100000721,0.03231264460673768
100000722,0.03231264460673768
100000723,0.03231264460673768
100000724,0.03231264460673768
100000725,0.03231264460673768
100000694,0.03231264460673768
100000695,0.03231264460673768
100000696,0.03231264460673768
100000697,0.03231264460673768
100000698,0.03231264460673768
100000700,0.03231264460673768
100000701,0.03231264460673768
100000703,0.03231264460673768
100000704,0.03231264460673768
100000706,0.03231264460673768
100000733,0.03231264460673768
100000734,0.03231264460673768
100000735,0.03231264460673768
100000736,0.03231264460673768
100000739,0.03231264460673768
100000740,0.03231264460673768
100000741,0.03231264460673768
100000710,0.03231264460673768
100000711,0.03231264460673768
100000712,0.03231264460673768
100000713,0.03231264460673768
100000714,0.03231264460673768
100000715,0.03231264460673768
100000717,0.03231264460673768
100000718,0.03231264460673768
100000719,0.03231264460673768
100000744,0.03231264460673768
100000745,0.03231264460673768
100000746,0.03231264460673768
100000750,0.03231264460673768
100000752,0.03231264460673768
100000753,0.03231264460673768
100000754,0.03231264460673768
100000755,0.03231264460673768
100000756,0.03231264460673768
100000726,0.03231264460673768
100000727,0.03231264460673768
100000728,0.03231264460673768
100000729,0.03231264460673768
100000730,0.03231264460673768
100000731,0.03231264460673768
100000732,0.03231264460673768
100001846,0.03231264460673768
100001847,0.03231264460673768
100001848,0.03231264460673768
100001850,0.03231264460673768
100001851,0.03231264460673768
100001852,0.03231264460673768
100001853,0.03231264460673768
100001854,0.03231264460673768
100001856,0.03231264460673768
100001861,0.03231264460673768
100000763,0.03231264460673768
100000764,0.03231264460673768
100000768,0.03231264460673768
100000772,0.03231264460673768
100000742,0.03231264460673768
100000743,0.03231264460673768
100000803,0.03231264460673768
100000804,0.03231264460673768
100000805,0.03231264460673768
100000775,0.03231264460673768
100000776,0.03231264460673768
100000777,0.03231264460673768
100000778,0.03231264460673768
100000779,0.03231264460673768
100000780,0.03231264460673768
100000781,0.03231264460673768
100000782,0.03231264460673768
100000784,0.03231264460673768
100000785,0.03231264460673768
100000786,0.03231264460673768
100000787,0.03231264460673768
100000789,0.03231264460673768
100000194,0.03231264460673768
100000196,0.03231264460673768
100000197,0.03231264460673768
100000166,0.03231264460673768
100000167,0.03231264460673768
100000168,0.03231264460673768
100000169,0.03231264460673768
100000172,0.03231264460673768
100000173,0.03231264460673768
100000175,0.03231264460673768
100000176,0.03231264460673768
100000177,0.03231264460673768
100000799,0.03231264460673768
100000800,0.03231264460673768
100000801,0.03231264460673768
100000802,0.03231264460673768
100000808,0.03231264460673768
100000809,0.03231264460673768
100000810,0.03231264460673768
100000811,0.03231264460673768
100000816,0.03231264460673768
100000817,0.03231264460673768
100000818,0.03231264460673768
100000820,0.03231264460673768
100000791,0.03231264460673768
100000792,0.03231264460673768
100000793,0.03231264460673768
100000795,0.03231264460673768
100000796,0.03231264460673768
100000797,0.03231264460673768
100000188,0.03231264460673768
100000193,0.03231264460673768
100000834,0.03231264460673768
100000835,0.03231264460673768
100000836,0.03231264460673768
100000837,0.03231264460673768
100001830,0.03231264460673768
100001831,0.03231264460673768
100001834,0.03231264460673768
100001836,0.03231264460673768
100001838,0.03231264460673768
100001839,0.03231264460673768
100001840,0.03231264460673768
100001841,0.03231264460673768
100001843,0.03231264460673768
100001844,0.03231264460673768
100001845,0.03231264460673768
100000807,0.03231264460673768
100000847,0.03231264460673768
100000849,0.03231264460673768
100000850,0.03231264460673768
100000851,0.03231264460673768
100000853,0.03231264460673768
100000822,0.03231264460673768
100000823,0.03231264460673768
100000824,0.03231264460673768
100000825,0.03231264460673768
100000826,0.03231264460673768
100000827,0.03231264460673768
100000828,0.03231264460673768
100000830,0.03231264460673768
100000831,0.03231264460673768
100000832,0.03231264460673768
100000833,0.03231264460673768
100000856,0.03231264460673768
100000857,0.03231264460673768
100000858,0.03231264460673768
100000860,0.03231264460673768
100000864,0.03231264460673768
100000867,0.03231264460673768
100000869,0.03231264460673768
100000838,0.03231264460673768
100000839,0.03231264460673768
100000840,0.03231264460673768
100000841,0.03231264460673768
100000842,0.03231264460673768
100000843,0.03231264460673768
100000844,0.03231264460673768
100000845,0.03231264460673768
100000846,0.03231264460673768
100001827,0.03231264460673768
100001829,0.03231264460673768
100000872,0.03231264460673768
100000873,0.03231264460673768
100000874,0.03231264460673768
100000876,0.03231264460673768
100000877,0.03231264460673768
100000878,0.03231264460673768
100000879,0.03231264460673768
100000880,0.03231264460673768
100000881,0.03231264460673768
100000882,0.03231264460673768
100000883,0.03231264460673768
100000884,0.03231264460673768
100000885,0.03231264460673768
100000855,0.03231264460673768
100000893,0.03231264460673768
100000894,0.03231264460673768
100000897,0.03231264460673768
100000899,0.03231264460673768
100000900,0.03231264460673768
100001814,0.03231264460673768
100001815,0.03231264460673768
100001816,0.03231264460673768
100001817,0.03231264460673768
100001818,0.03231264460673768
100001819,0.03231264460673768
100001820,0.03231264460673768
100001821,0.03231264460673768
100001823,0.03231264460673768
100001824,0.03231264460673768
100001825,0.03231264460673768
100000933,0.03231264460673768
100000902,0.03231264460673768
100000906,0.03231264460673768
100000907,0.03231264460673768
100000908,0.03231264460673768
100000910,0.03231264460673768
100000911,0.03231264460673768
100000913,0.03231264460673768
100000914,0.03231264460673768
100000915,0.03231264460673768
100000917,0.03231264460673768
100000886,0.03231264460673768
100000887,0.03231264460673768
100000888,0.03231264460673768
100000889,0.03231264460673768
100000890,0.03231264460673768
100000179,0.03231264460673768
100000180,0.03231264460673768
100000181,0.03231264460673768
100000150,0.03231264460673768
100000151,0.03231264460673768
100000152,0.03231264460673768
100000153,0.03231264460673768
100000154,0.03231264460673768
100000158,0.03231264460673768
100000160,0.03231264460673768
100000161,0.03231264460673768
100000163,0.03231264460673768
100000164,0.03231264460673768
100000928,0.03231264460673768
100000929,0.03231264460673768
100000930,0.03231264460673768
100001800,0.03231264460673768
100001801,0.03231264460673768
100001802,0.03231264460673768
100001803,0.03231264460673768
100001804,0.03231264460673768
100001805,0.03231264460673768
100001808,0.03231264460673768
100001810,0.03231264460673768
100001811,0.03231264460673768
100001812,0.03231264460673768
100001813,0.03231264460673768
100000920,0.03231264460673768
100000921,0.03231264460673768
100000923,0.03231264460673768
100000925,0.03231264460673768
100000178,0.03231264460673768
100000965,0.03231264460673768
100000934,0.03231264460673768
100000935,0.03231264460673768
100000938,0.03231264460673768
100000939,0.03231264460673768
100000940,0.03231264460673768
100000941,0.03231264460673768
100000942,0.03231264460673768
100000943,0.03231264460673768
100000944,0.03231264460673768
100000945,0.03231264460673768
100000946,0.03231264460673768
100000948,0.03231264460673768
100000949,0.03231264460673768
100001798,0.03231264460673768
100001799,0.03231264460673768
100000976,0.03231264460673768
100000977,0.03231264460673768
100000978,0.03231264460673768
100000979,0.03231264460673768
100000981,0.03231264460673768
100000951,0.03231264460673768
100000952,0.03231264460673768
100000955,0.03231264460673768
100000956,0.03231264460673768
100000957,0.03231264460673768
100000958,0.03231264460673768
100000959,0.03231264460673768
100000960,0.03231264460673768
100000961,0.03231264460673768
100000963,0.03231264460673768
100000964,0.03231264460673768
100001796,0.03231264460673768
100000982,0.03231264460673768
100000986,0.03231264460673768
100000988,0.03231264460673768
100000989,0.03231264460673768
100000993,0.03231264460673768
100000995,0.03231264460673768
100000996,0.03231264460673768
100000997,0.03231264460673768
100000966,0.03231264460673768
100000967,0.03231264460673768
100000968,0.03231264460673768
100000969,0.03231264460673768
100000970,0.03231264460673768
100000972,0.03231264460673768
100000975,0.03231264460673768
100001007,0.03231264460673768
100001008,0.03231264460673768
100001009,0.03231264460673768
100001010,0.03231264460673768
100001011,0.03231264460673768
100001782,0.03231264460673768
100001783,0.03231264460673768
100001785,0.03231264460673768
100001787,0.03231264460673768
100001788,0.03231264460673768
100001789,0.03231264460673768
100001790,0.03231264460673768
100001792,0.03231264460673768
100001793,0.03231264460673768
100001794,0.03231264460673768
100001795,0.03231264460673768
100001020,0.03231264460673768
100001022,0.03231264460673768
100001023,0.03231264460673768
100001024,0.03231264460673768
100001025,0.03231264460673768
100001026,0.03231264460673768
100001027,0.03231264460673768
100001028,0.03231264460673768
100001029,0.03231264460673768
100000998,0.03231264460673768
100000999,0.03231264460673768
100001000,0.03231264460673768
100001001,0.03231264460673768
100001002,0.03231264460673768
100001003,0.03231264460673768
100001006,0.03231264460673768
100001060,0.03231264460673768
100001061,0.03231264460673768
100001031,0.03231264460673768
100001033,0.03231264460673768
100001038,0.03231264460673768
100001039,0.03231264460673768
100001042,0.03231264460673768
100001043,0.03231264460673768
100001044,0.03231264460673768
100001045,0.03231264460673768
100001014,0.03231264460673768
100001015,0.03231264460673768
100001016,0.03231264460673768
100001017,0.03231264460673768
100001018,0.03231264460673768
100001019,0.03231264460673768
100000137,0.03231264460673768
100000144,0.03231264460673768
100000145,0.03231264460673768
100000146,0.03231264460673768
100000148,0.03231264460673768
100000118,0.03231264460673768
100000120,0.03231264460673768
100000121,0.03231264460673768
100000123,0.03231264460673768
100000125,0.03231264460673768
100001054,0.03231264460673768
100001055,0.03231264460673768
100001056,0.03231264460673768
100001057,0.03231264460673768
100001058,0.03231264460673768
100001059,0.03231264460673768
100001067,0.03231264460673768
100001068,0.03231264460673768
100001069,0.03231264460673768
100001070,0.03231264460673768
100001071,0.03231264460673768
100001072,0.03231264460673768
100001073,0.03231264460673768
100001075,0.03231264460673768
100001076,0.03231264460673768
100001077,0.03231264460673768
100001046,0.03231264460673768
100001047,0.03231264460673768
100001048,0.03231264460673768
100001049,0.03231264460673768
100001053,0.03231264460673768
100000134,0.03231264460673768
100000132,0.03231264460673768
100000103,0.03231264460673768
100001080,0.03231264460673768
100001081,0.03231264460673768
100001082,0.03231264460673768
100001084,0.03231264460673768
100001086,0.03231264460673768
100001087,0.03231264460673768
100001088,0.03231264460673768
100001091,0.03231264460673768
100001092,0.03231264460673768
100001093,0.03231264460673768
100001063,0.03231264460673768
100001064,0.03231264460673768
100001065,0.03231264460673768
100001066,0.03231264460673768
100001767,0.03231264460673768
100001769,0.03231264460673768
100001770,0.03231264460673768
100001771,0.03231264460673768
100001772,0.03231264460673768
100001773,0.03231264460673768
100001774,0.03231264460673768
100001775,0.03231264460673768
100001776,0.03231264460673768
100001777,0.03231264460673768
100001778,0.03231264460673768
100001780,0.03231264460673768
100001781,0.03231264460673768
100001078,0.03231264460673768
100001079,0.03231264460673768
100000128,0.03231264460673768
100001119,0.03231264460673768
100001120,0.03231264460673768
100001121,0.03231264460673768
100001124,0.03231264460673768
100001125,0.03231264460673768
100001094,0.03231264460673768
100001096,0.03231264460673768
100001097,0.03231264460673768
100001099,0.03231264460673768
100001100,0.03231264460673768
100001101,0.03231264460673768
100001103,0.03231264460673768
100001105,0.03231264460673768
100001107,0.03231264460673768
100001108,0.03231264460673768
100001109,0.03231264460673768
100001130,0.03231264460673768
100001131,0.03231264460673768
100001133,0.03231264460673768
100001134,0.03231264460673768
100001135,0.03231264460673768
100001136,0.03231264460673768
100001138,0.03231264460673768
100001139,0.03231264460673768
100001140,0.03231264460673768
100001141,0.03231264460673768
100001112,0.03231264460673768
100001113,0.03231264460673768
100001115,0.03231264460673768
100001116,0.03231264460673768
100001117,0.03231264460673768
100001118,0.03231264460673768
100000108,0.03231264460673768
100000110,0.03231264460673768
100000113,0.03231264460673768
100000115,0.03231264460673768
100000117,0.03231264460673768
100000086,0.03231264460673768
100001147,0.03231264460673768
100001150,0.03231264460673768
100001153,0.03231264460673768
100001154,0.03231264460673768
100001155,0.03231264460673768
100001156,0.03231264460673768
100001157,0.03231264460673768
100001126,0.03231264460673768
100001128,0.03231264460673768
100001129,0.03231264460673768
100001171,0.03231264460673768
100001750,0.03231264460673768
100001754,0.03231264460673768
100001755,0.03231264460673768
100001756,0.03231264460673768
100001757,0.03231264460673768
100001758,0.03231264460673768
100001759,0.03231264460673768
100001762,0.03231264460673768
100001764,0.03231264460673768
100001765,0.03231264460673768
100001142,0.03231264460673768
100001143,0.03231264460673768
100001144,0.03231264460673768
100000105,0.03231264460673768
100000107,0.03231264460673768
100001183,0.03231264460673768
100001185,0.03231264460673768
100001186,0.03231264460673768
100001188,0.03231264460673768
100001158,0.03231264460673768
100001159,0.03231264460673768
100001160,0.03231264460673768
100001161,0.03231264460673768
100001162,0.03231264460673768
100001163,0.03231264460673768
100001164,0.03231264460673768
100001165,0.03231264460673768
100001166,0.03231264460673768
100001167,0.03231264460673768
100001168,0.03231264460673768
100001169,0.03231264460673768
100001194,0.03231264460673768
100001195,0.03231264460673768
100001197,0.03231264460673768
100001199,0.03231264460673768
100001200,0.03231264460673768
100001202,0.03231264460673768
100001203,0.03231264460673768
100001205,0.03231264460673768
100001174,0.03231264460673768
100001175,0.03231264460673768
100001176,0.03231264460673768
100001177,0.03231264460673768
100001179,0.03231264460673768
100001180,0.03231264460673768
100001181,0.03231264460673768
100001182,0.03231264460673768
100001735,0.03231264460673768
100001736,0.03231264460673768
100001737,0.03231264460673768
100001738,0.03231264460673768
100001741,0.03231264460673768
100001742,0.03231264460673768
100001743,0.03231264460673768
100001744,0.03231264460673768
100001745,0.03231264460673768
100001747,0.03231264460673768
100001748,0.03231264460673768
100001749,0.03231264460673768
100001190,0.03231264460673768
100001191,0.03231264460673768
100001192,0.03231264460673768
100001193,0.03231264460673768
100001234,0.03231264460673768
100001236,0.03231264460673768
100001207,0.03231264460673768
100001208,0.03231264460673768
100001209,0.03231264460673768
100001210,0.03231264460673768
100001212,0.03231264460673768
100001213,0.03231264460673768
100001214,0.03231264460673768
100001215,0.03231264460673768
100001216,0.03231264460673768
100001217,0.03231264460673768
100001218,0.03231264460673768
100001219,0.03231264460673768
100001221,0.03231264460673768
100001734,0.03231264460673768
100001248,0.03231264460673768
100001250,0.03231264460673768
100001251,0.03231264460673768
100001253,0.03231264460673768
100001222,0.03231264460673768
100001223,0.03231264460673768
100001224,0.03231264460673768
100001225,0.03231264460673768
100001226,0.03231264460673768
100001227,0.03231264460673768
100001228,0.03231264460673768
100001229,0.03231264460673768
100001230,0.03231264460673768
100001231,0.03231264460673768
100001232,0.03231264460673768
100001233,0.03231264460673768
100001261,0.03231264460673768
100001262,0.03231264460673768
100001263,0.03231264460673768
100001264,0.03231264460673768
100001265,0.03231264460673768
100001266,0.03231264460673768
100001267,0.03231264460673768
100001268,0.03231264460673768
100001269,0.03231264460673768
100001239,0.03231264460673768
100001241,0.03231264460673768
100001242,0.03231264460673768
100001243,0.03231264460673768
100001244,0.03231264460673768
100001246,0.03231264460673768
100001247,0.03231264460673768
100001272,0.03231264460673768
100001273,0.03231264460673768
100001274,0.03231264460673768
100001275,0.03231264460673768
100001276,0.03231264460673768
100001277,0.03231264460673768
100001278,0.03231264460673768
100001281,0.03231264460673768
100001282,0.03231264460673768
100001283,0.03231264460673768
100001285,0.03231264460673768
100001255,0.03231264460673768
100001256,0.03231264460673768
100001257,0.03231264460673768
100001259,0.03231264460673768
100001260,0.03231264460673768
100001286,0.03231264460673768
100001287,0.03231264460673768
100001288,0.03231264460673768
100001289,0.03231264460673768
100001290,0.03231264460673768
100001291,0.03231264460673768
100001292,0.03231264460673768
100001293,0.03231264460673768
100001294,0.03231264460673768
100001295,0.03231264460673768
100001296,0.03231264460673768
100001297,0.03231264460673768
100001299,0.03231264460673768
100001300,0.03231264460673768
100001301,0.03231264460673768
100001270,0.03231264460673768
100001330,0.03231264460673768
100001331,0.03231264460673768
100001332,0.03231264460673768
100001302,0.03231264460673768
100001303,0.03231264460673768
100001304,0.03231264460673768
100001305,0.03231264460673768
100001307,0.03231264460673768
100001309,0.03231264460673768
100001310,0.03231264460673768
100001312,0.03231264460673768
100001313,0.03231264460673768
100001314,0.03231264460673768
100001315,0.03231264460673768
100001316,0.03231264460673768
100001317,0.03231264460673768
100001727,0.03231264460673768
100001728,0.03231264460673768
100001729,0.03231264460673768
100001730,0.03231264460673768
100001731,0.03231264460673768
100001733,0.03231264460673768
100001318,0.03231264460673768
100001319,0.03231264460673768
100001320,0.03231264460673768
100001321,0.03231264460673768
100001322,0.03231264460673768
100001323,0.03231264460673768
100001324,0.03231264460673768
100001325,0.03231264460673768
100001328,0.03231264460673768
100001329,0.03231264460673768
100000090,0.03231264460673768
100000091,0.03231264460673768
100000092,0.03231264460673768
100000094,0.03231264460673768
100000096,0.03231264460673768
100000098,0.03231264460673768
100000099,0.03231264460673768
100000070,0.03231264460673768
100000071,0.03231264460673768
100001720,0.03231264460673768
100001721,0.03231264460673768
100001722,0.03231264460673768
100001723,0.03231264460673768
100001724,0.03231264460673768
100001725,0.03231264460673768
100001726,0.03231264460673768
100001365,0.03231264460673768
100001335,0.03231264460673768
100001336,0.03231264460673768
100001337,0.03231264460673768
100001339,0.03231264460673768
100001340,0.03231264460673768
100001341,0.03231264460673768
100001342,0.03231264460673768
100001344,0.03231264460673768
100001346,0.03231264460673768
100001347,0.03231264460673768
100001348,0.03231264460673768
100001349,0.03231264460673768
100001718,0.03231264460673768
100001719,0.03231264460673768
100000088,0.03231264460673768
100001378,0.03231264460673768
100001379,0.03231264460673768
100001380,0.03231264460673768
100001381,0.03231264460673768
100001350,0.03231264460673768
100001351,0.03231264460673768
100001352,0.03231264460673768
100001353,0.03231264460673768
100001355,0.03231264460673768
100001356,0.03231264460673768
100001357,0.03231264460673768
100001358,0.03231264460673768
100001359,0.03231264460673768
100001360,0.03231264460673768
100001361,0.03231264460673768
100001364,0.03231264460673768
100001390,0.03231264460673768
100001392,0.03231264460673768
100001393,0.03231264460673768
100001394,0.03231264460673768
100001396,0.03231264460673768
100001397,0.03231264460673768
100001366,0.03231264460673768
100001367,0.03231264460673768
100001368,0.03231264460673768
100001369,0.03231264460673768
100001371,0.03231264460673768
100001372,0.03231264460673768
100001373,0.03231264460673768
100001374,0.03231264460673768
100001376,0.03231264460673768
100001377,0.03231264460673768
100001403,0.03231264460673768
100001404,0.03231264460673768
100001405,0.03231264460673768
100001406,0.03231264460673768
100001407,0.03231264460673768
100001408,0.03231264460673768
100001409,0.03231264460673768
100001410,0.03231264460673768
100001411,0.03231264460673768
100001412,0.03231264460673768
100001413,0.03231264460673768
100001382,0.03231264460673768
100001384,0.03231264460673768
100001385,0.03231264460673768
100001386,0.03231264460673768
100001389,0.03231264460673768
100001418,0.03231264460673768
100001419,0.03231264460673768
100001420,0.03231264460673768
100001421,0.03231264460673768
100001422,0.03231264460673768
100001423,0.03231264460673768
100001424,0.03231264460673768
100001425,0.03231264460673768
100001426,0.03231264460673768
100001427,0.03231264460673768
100001428,0.03231264460673768
100001429,0.03231264460673768
100001398,0.03231264460673768
100001399,0.03231264460673768
100001401,0.03231264460673768
100001402,0.03231264460673768
100001432,0.03231264460673768
100001433,0.03231264460673768
100001434,0.03231264460673768
100001435,0.03231264460673768
100001436,0.03231264460673768
100001437,0.03231264460673768
100001438,0.03231264460673768
100001439,0.03231264460673768
100001440,0.03231264460673768
100001441,0.03231264460673768
100001443,0.03231264460673768
100001444,0.03231264460673768
100001445,0.03231264460673768
100001414,0.03231264460673768
100001415,0.03231264460673768
100001416,0.03231264460673768
100001717,0.03231264460673768
100001448,0.03231264460673768
100001449,0.03231264460673768
100001450,0.03231264460673768
100001451,0.03231264460673768
100001452,0.03231264460673768
100001453,0.03231264460673768
100001454,0.03231264460673768
100001456,0.03231264460673768
100001457,0.03231264460673768
100001458,0.03231264460673768
100001459,0.03231264460673768
100001460,0.03231264460673768
100001461,0.03231264460673768
100001430,0.03231264460673768
100001431,0.03231264460673768
100000074,0.03231264460673768
100000078,0.03231264460673768
100000080,0.03231264460673768
100000083,0.03231264460673768
100000084,0.03231264460673768
100000085,0.03231264460673768
100001477,0.03231264460673768
100001703,0.03231264460673768
100001705,0.03231264460673768
100001706,0.03231264460673768
100001707,0.03231264460673768
100001709,0.03231264460673768
100001710,0.03231264460673768
100001713,0.03231264460673768
100001715,0.03231264460673768
100001716,0.03231264460673768
100001489,0.03231264460673768
100001490,0.03231264460673768
100001491,0.03231264460673768
100001492,0.03231264460673768
100001493,0.03231264460673768
100001462,0.03231264460673768
100001464,0.03231264460673768
100001465,0.03231264460673768
100001466,0.03231264460673768
100001468,0.03231264460673768
100001469,0.03231264460673768
100001470,0.03231264460673768
100001474,0.03231264460673768
100001475,0.03231264460673768
100001476,0.03231264460673768
100000073,0.03231264460673768
100001503,0.03231264460673768
100001504,0.03231264460673768
100001505,0.03231264460673768
100001506,0.03231264460673768
100001508,0.03231264460673768
100001509,0.03231264460673768
100001478,0.03231264460673768
100001479,0.03231264460673768
100001480,0.03231264460673768
100001481,0.03231264460673768
100001482,0.03231264460673768
100001483,0.03231264460673768
100001484,0.03231264460673768
100001486,0.03231264460673768
100001487,0.03231264460673768
100001488,0.03231264460673768
100001514,0.03231264460673768
100001515,0.03231264460673768
100001517,0.03231264460673768
100001518,0.03231264460673768
100001519,0.03231264460673768
100001520,0.03231264460673768
100001521,0.03231264460673768
100001522,0.03231264460673768
100001523,0.03231264460673768
100001524,0.03231264460673768
100001494,0.03231264460673768
100001497,0.03231264460673768
100001498,0.03231264460673768
100001500,0.03231264460673768
100001501,0.03231264460673768
100001502,0.03231264460673768
100001529,0.03231264460673768
100001530,0.03231264460673768
100001531,0.03231264460673768
100001532,0.03231264460673768
100001533,0.03231264460673768
100001534,0.03231264460673768
100001536,0.03231264460673768
100001537,0.03231264460673768
100001538,0.03231264460673768
100001539,0.03231264460673768
100001540,0.03231264460673768
100001541,0.03231264460673768
100001510,0.03231264460673768
100001511,0.03231264460673768
100001512,0.03231264460673768
100001513,0.03231264460673768
100001686,0.03231264460673768
100001688,0.03231264460673768
100001689,0.03231264460673768
100001690,0.03231264460673768
100001691,0.03231264460673768
100001692,0.03231264460673768
100001693,0.03231264460673768
100001694,0.03231264460673768
100001695,0.03231264460673768
100001696,0.03231264460673768
100001697,0.03231264460673768
100001698,0.03231264460673768
100001699,0.03231264460673768
100001700,0.03231264460673768
100001701,0.03231264460673768
100001526,0.03231264460673768
100001571,0.03231264460673768
100001573,0.03231264460673768
100001542,0.03231264460673768
100001544,0.03231264460673768
100001545,0.03231264460673768
100001546,0.03231264460673768
100001547,0.03231264460673768
100001548,0.03231264460673768
100001549,0.03231264460673768
100001550,0.03231264460673768
100001551,0.03231264460673768
100001552,0.03231264460673768
100001553,0.03231264460673768
100001554,0.03231264460673768
100001555,0.03231264460673768
100001556,0.03231264460673768
100001584,0.03231264460673768
100001586,0.03231264460673768
100001587,0.03231264460673768
100001588,0.03231264460673768
100001589,0.03231264460673768
100001558,0.03231264460673768
100001559,0.03231264460673768
100001560,0.03231264460673768
100001561,0.03231264460673768
100001562,0.03231264460673768
100001563,0.03231264460673768
100001564,0.03231264460673768
100001565,0.03231264460673768
100001566,0.03231264460673768
100001568,0.03231264460673768
100001569,0.03231264460673768
100001598,0.03231264460673768
100001600,0.03231264460673768
100001601,0.03231264460673768
100001602,0.03231264460673768
100001603,0.03231264460673768
100001604,0.03231264460673768
100001605,0.03231264460673768
100001575,0.03231264460673768
100001576,0.03231264460673768
100001577,0.03231264460673768
100001578,0.03231264460673768
100001579,0.03231264460673768
100001580,0.03231264460673768
100001581,0.03231264460673768
100001582,0.03231264460673768
100001583,0.03231264460673768
100001612,0.03231264460673768
100001613,0.03231264460673768
100001614,0.03231264460673768
100001615,0.03231264460673768
100001616,0.03231264460673768
100001618,0.03231264460673768
100001619,0.03231264460673768
100001620,0.03231264460673768
100001621,0.03231264460673768
100001590,0.03231264460673768
100001591,0.03231264460673768
100001592,0.03231264460673768
100001593,0.03231264460673768
100001594,0.03231264460673768
100001595,0.03231264460673768
100001597,0.03231264460673768
100000061,0.03231264460673768
100000066,0.03231264460673768
100000067,0.03231264460673768
100001629,0.03231264460673768
100001630,0.03231264460673768
100001631,0.03231264460673768
100001632,0.03231264460673768
100001634,0.03231264460673768
100001636,0.03231264460673768
100001637,0.03231264460673768
100001606,0.03231264460673768
100001607,0.03231264460673768
100001608,0.03231264460673768
100001609,0.03231264460673768
100001610,0.03231264460673768
100001611,0.03231264460673768
100001643,0.03231264460673768
100001645,0.03231264460673768
100001646,0.03231264460673768
100001647,0.03231264460673768
100001648,0.03231264460673768
100001650,0.03231264460673768
100001651,0.03231264460673768
100001652,0.03231264460673768
100001653,0.03231264460673768
100001622,0.03231264460673768
100001623,0.03231264460673768
100001624,0.03231264460673768
100001625,0.03231264460673768
100001627,0.03231264460673768
100000054,0.03231264460673768
100000056,0.03231264460673768
100001672,0.03231264460673768
100000030,0.03231264460673768
100000031,0.03231264460673768
100000033,0.03231264460673768
100000034,0.03231264460673768
100000036,0.03231264460673768
100000004,0.03231264460673768
100000003,0.03231264460673768
100000002,0.03231264460673768
100000001,0.03231264460673768
100000045,0.03231264460673768
100000046,0.03231264460673768
100000050,0.03231264460673768
100000052,0.03231264460673768
100000053,0.03231264460673768
100000022,0.03231264460673768
100000291,0.03231264460673768
100000293,0.03231264460673768
100001654,0.03231264460673768
100001655,0.03231264460673768
100001656,0.03231264460673768
100001658,0.03231264460673768
100001659,0.03231264460673768
100001660,0.03231264460673768
100001662,0.03231264460673768
100001663,0.03231264460673768
100001665,0.03231264460673768
100001666,0.03231264460673768
100001667,0.03231264460673768
100001669,0.03231264460673768
100001670,0.03231264460673768
100001671,0.03231264460673768
100002395,0.03213413776372402
100002424,0.031993810469984375
100002423,0.031993810469984375
100002405,0.031993810469984375
100002408,0.031993810469984375
100002381,0.031993810469984375
100002386,0.031993810469984375
100002384,0.031993810469984375
100002382,0.031993810469984375
100002374,0.031993810469984375
100002375,0.031993810469984375
100002355,0.031993810469984375
100002356,0.031993810469984375
100002344,0.031993810469984375
100002351,0.031993810469984375
100002348,0.031993810469984375
100002346,0.031993810469984375
100002343,0.031993810469984375
100002345,0.031993810469984375
100000362,0.031993810469984375
100002388,0.031993810469984375
100000280,0.031993810469984375
100002366,0.031993810469984375
100002363,0.031993810469984375
100000109,0.031993810469984375
100002418,0.031993810469984375
100001596,0.031993810469984375
100002393,0.031993810469984375
100000104,0.031993810469984375
100001708,0.031993810469984375
100001711,0.031993810469984375
100002352,0.031993810469984375
100002342,0.031993810469984375
100002331,0.031993810469984375
100002338,0.031993810469984375
100002341,0.031993810469984375
100002350,0.031993810469984375
100000494,0.031993810469984375
100000490,0.031993810469984375
100000101,0.031993810469984375
100001021,0.031993810469984375
100001034,0.031993810469984375
100001035,0.031993810469984375
100000263,0.031993810469984375
100001110,0.031993810469984375
100000339,0.031993810469984375
100000318,0.031993810469984375
100001123,0.031993810469984375
100001926,0.031993810469984375
100002324,0.031993810469984375
100002325,0.031993810469984375
100002322,0.031993810469984375
100002327,0.031993810469984375
100000097,0.031993810469984375
100001062,0.031993810469984375
100000794,0.031993810469984375
100000984,0.031993810469984375
100000947,0.031993810469984375
100002415,0.031993810469984375
100002412,0.031993810469984375
100001664,0.031993810469984375
100000621,0.031993810469984375
100000093,0.031993810469984375
100002358,0.031993810469984375
100002360,0.031993810469984375
100002399,0.031993810469984375
100002397,0.031993810469984375
100002394,0.031993810469984375
100000918,0.031993810469984375
100000633,0.031993810469984375
100002323,0.031993810469984375
100001949,0.031510059153285856
100001657,0.031510059153285856
100001966,0.030931824935775957
100001963,0.030931824935775957
100001954,0.030931824935775957
100001951,0.030931824935775957
100001950,0.030931824935775957
100002422,0.030931824935775957
100001960,0.030931824935775957
100001958,0.030931824935775957
100001957,0.030931824935775957
100001956,0.030931824935775957
100002305,0.030931824935775957
100002307,0.030931824935775957
100000278,0.030931824935775957
100000522,0.030931824935775957
100002291,0.030931824935775957
100002292,0.030931824935775957
100001172,0.030931824935775957
100000072,0.030931824935775957
100000449,0.030931824935775957
100002005,0.030931824935775957
100001983,0.030931824935775957
100001934,0.030931824935775957
100002315,0.030931824935775957
100002311,0.030931824935775957
100000298,0.030931824935775957
100000315,0.030931824935775957
100002284,0.030931824935775957
100002309,0.030931824935775957
100001333,0.030931824935775957
100000059,0.030931824935775957
100002353,0.030931824935775957
100000367,0.030931824935775957
100001334,0.030931824935775957
100000065,0.030931824935775957
100001271,0.030931824935775957
100000062,0.030931824935775957
100001760,0.030931824935775957
100000081,0.030931824935775957
100002295,0.030931824935775957
100002296,0.030931824935775957
100002298,0.030931824935775957
100000240,0.030931824935775957
100000246,0.030931824935775957
100000251,0.030931824935775957
100002170,0.030931824935775957
100002167,0.030931824935775957
100001828,0.030931824935775957
100002113,0.030931824935775957
100002112,0.030931824935775957
100002107,0.030931824935775957
100002102,0.030931824935775957
100000124,0.030931824935775957
100000143,0.030931824935775957
100002099,0.030931824935775957
100002087,0.030931824935775957
100002084,0.030931824935775957
100002077,0.030931824935775957
100000202,0.030931824935775957
100000226,0.030931824935775957
100002206,0.030931824935775957
100002245,0.030931824935775957
100002246,0.030931824935775957
100002244,0.030931824935775957
100002057,0.030931824935775957
100001901,0.030931824935775957
100001797,0.030931824935775957
100000852,0.030931824935775957
100001833,0.030931824935775957
100000024,0.030931824935775957
100000865,0.030931824935775957
100002189,0.030931824935775957
100002187,0.030931824935775957
100001948,0.030931824935775957
100000039,0.030931824935775957
100001687,0.030931824935775957
100000049,0.030931824935775957
100000716,0.030738109478224217
100002117,0.030738109478224217
100001572,0.03064354208558611
100000043,0.03064354208558611
100001471,0.03064354208558611
100001467,0.03064354208558611
100000041,0.03064354208558611
100000040,0.03064354208558611
100000035,0.03064354208558611
100000357,0.03064354208558611
100002161,0.03064354208558611
100001668,0.03064354208558611
100002155,0.03064354208558611
100002154,0.03064354208558611
100002153,0.03064354208558611
100002163,0.03064354208558611
100000806,0.03064354208558611
100001842,0.03064354208558611
100001832,0.03064354208558611
100002192,0.03064354208558611
100002185,0.03064354208558611
100002183,0.03064354208558611
100002178,0.03064354208558611
100002156,0.03064354208558611
100002176,0.03064354208558611
100001822,0.03064354208558611
100000892,0.03064354208558611
100000895,0.03064354208558611
100000924,0.03064354208558611
100002144,0.03064354208558611
100002140,0.03064354208558611
100000927,0.03064354208558611
100002135,0.03064354208558611
100002121,0.03064354208558611
100002108,0.03064354208558611
100001857,0.03064354208558611
100001849,0.03064354208558611
100000783,0.03064354208558611
100000815,0.03064354208558611
100002151,0.03064354208558611
100000142,0.03064354208558611
100002095,0.03064354208558611
100002091,0.03064354208558611
100002093,0.03064354208558611
100002088,0.03064354208558611
100000649,0.03064354208558611
100000747,0.03064354208558611
100002079,0.03064354208558611
100002072,0.03064354208558611
100000162,0.03064354208558611
100001032,0.03064354208558611
100000089,0.03064354208558611
100002226,0.03064354208558611
100002223,0.03064354208558611
100002214,0.03064354208558611
100002212,0.03064354208558611
100002208,0.03064354208558611
100002202,0.03064354208558611
100000954,0.03064354208558611
100000973,0.03064354208558611
100000159,0.03064354208558611
100000171,0.03064354208558611
100000190,0.03064354208558611
100002061,0.03064354208558611
100002060,0.03064354208558611
100002054,0.03064354208558611
100000224,0.03064354208558611
100001888,0.03064354208558611
100000558,0.03064354208558611
100000642,0.03064354208558611
100000637,0.03064354208558611
100002047,0.03064354208558611
100002043,0.03064354208558611
100002040,0.03064354208558611
100002034,0.03064354208558611
100002030,0.03064354208558611
100002029,0.03064354208558611
100002027,0.03064354208558611
100002024,0.03064354208558611
100001900,0.03064354208558611
100000516,0.03064354208558611
100000525,0.03064354208558611
100000523,0.03064354208558611
100001137,0.03064354208558611
100001148,0.03064354208558611
100002272,0.03064354208558611
100002265,0.03064354208558611
100002256,0.03064354208558611
100002249,0.03064354208558611
100002241,0.03064354208558611
100002236,0.03064354208558611
100001037,0.03064354208558611
100000521,0.03064354208558611
100000272,0.03064354208558611
100000269,0.03064354208558611
100002021,0.03064354208558611
100002020,0.03064354208558611
100002018,0.03064354208558611
100001921,0.03064354208558611
100000497,0.03064354208558611
100001753,0.03064354208558611
100001751,0.03064354208558611
100001184,0.03064354208558611
100001196,0.03064354208558611
100001220,0.03064354208558611
100002285,0.03064354208558611
100002282,0.03064354208558611
100001085,0.03064354208558611
100001102,0.03064354208558611
100001994,0.03064354208558611
100001993,0.03064354208558611
100001990,0.03064354208558611
100000309,0.03064354208558611
100000308,0.03064354208558611
100000304,0.03064354208558611
100001985,0.03064354208558611
100000341,0.03064354208558611
100000342,0.03064354208558611
100000055,0.03064354208558611
100001763,0.03064354208558611
100000069,0.03064354208558611
100000063,0.03064354208558611
100001206,0.03064354208558611
100001245,0.03064354208558611
100001258,0.03064354208558611
100001298,0.03064354208558611
100001732,0.03064354208558611
100001345,0.03064354208558611
100001338,0.03064354208558611
100001417,0.03064354208558611
100000398,0.03064354208558611
100000437,0.03064354208558611
100001972,0.03064354208558611
100001967,0.03064354208558611
100001953,0.03064354208558611
100000051,0.03064354208558611
100002052,0.030529441586401293
100002089,0.030529441586401293
100000366,0.030529441586401293
100000192,0.030529441586401293
100000749,0.030529441586401293
100000310,0.030529441586401293
100002086,0.030529441586401293
100000302,0.030529441586401293
100000303,0.030529441586401293
100000821,0.030529441586401293
100001858,0.030529441586401293
100000904,0.030529441586401293
100000932,0.030529441586401293
100000974,0.030529441586401293
100002071,0.030431867338222753
100001089,0.030431867338222753
100000075,0.02936077848926614
100000016,0.02932527153680885
100000471,0.02932527153680885
100000518,0.02932527153680885
100000788,0.02932527153680885
100000106,0.02932527153680885
100000870,0.02932527153680885
100000871,0.02932527153680885
100000931,0.02932527153680885
100001633,0.02932527153680885
100001567,0.02932527153680885
100001485,0.02932527153680885
100001114,0.029291488640731493
100000987,0.029291488640731493
100001013,0.029215911120807913
100001784,0.029215911120807913
100001786,0.029215911120807913
100002220,0.029215911120807913
100002230,0.029215911120807913
100002231,0.029215911120807913
100001442,0.029215911120807913
100001400,0.029215911120807913
100001383,0.029215911120807913
100001387,0.029215911120807913
100001388,0.029215911120807913
100001395,0.029215911120807913
100001375,0.029215911120807913
100001535,0.029215911120807913
100001516,0.029215911120807913
100001499,0.029215911120807913
100000397,0.029215911120807913
100000388,0.029215911120807913
100000369,0.029215911120807913
100000340,0.029215911120807913
100001975,0.029215911120807913
100001976,0.029215911120807913
100001977,0.029215911120807913
100001981,0.029215911120807913
100000307,0.029215911120807913
100000486,0.029215911120807913
100000501,0.029215911120807913
100001238,0.029215911120807913
100001235,0.029215911120807913
100001237,0.029215911120807913
100001211,0.029215911120807913
100001455,0.029215911120807913
100000058,0.029215911120807913
100001327,0.029215911120807913
100001308,0.029215911120807913
100001311,0.029215911120807913
100000474,0.029215911120807913
100000482,0.029215911120807913
100000456,0.029215911120807913
100000445,0.029215911120807913
100000453,0.029215911120807913
100001913,0.029215911120807913
100000286,0.029215911120807913
100000264,0.029215911120807913
100000266,0.029215911120807913
100000268,0.029215911120807913
100001889,0.029215911120807913
100001145,0.029215911120807913
100000079,0.029215911120807913
100002294,0.029215911120807913
100002297,0.029215911120807913
100002299,0.029215911120807913
100002301,0.029215911120807913
100000524,0.029215911120807913
100000507,0.029215911120807913
100000508,0.029215911120807913
100001904,0.029215911120807913
100000275,0.029215911120807913
100002033,0.029215911120807913
100002036,0.029215911120807913
100002037,0.029215911120807913
100000242,0.029215911120807913
100000057,0.029215911120807913
100002045,0.029215911120807913
100002049,0.029215911120807913
100002050,0.029215911120807913
100002051,0.029215911120807913
100002053,0.029215911120807913
100000214,0.029215911120807913
100000655,0.029215911120807913
100000584,0.029215911120807913
100002293,0.029215911120807913
100001178,0.029215911120807913
100001187,0.029215911120807913
100001189,0.029215911120807913
100001170,0.029215911120807913
100001752,0.029215911120807913
100002286,0.029215911120807913
100002287,0.029215911120807913
100002288,0.029215911120807913
100002289,0.029215911120807913
100002290,0.029215911120807913
100000550,0.029215911120807913
100000547,0.029215911120807913
100001882,0.029215911120807913
100000223,0.029215911120807913
100000208,0.029215911120807913
100002055,0.029215911120807913
100002056,0.029215911120807913
100002062,0.029215911120807913
100002063,0.029215911120807913
100002044,0.029215911120807913
100000156,0.029215911120807913
100000157,0.029215911120807913
100000771,0.029215911120807913
100000748,0.029215911120807913
100000757,0.029215911120807913
100001122,0.029215911120807913
100001104,0.029215911120807913
100001766,0.029215911120807913
100001768,0.029215911120807913
100002279,0.029215911120807913
100002281,0.029215911120807913
100002283,0.029215911120807913
100002275,0.029215911120807913
100002276,0.029215911120807913
100002277,0.029215911120807913
100002278,0.029215911120807913
100001149,0.029215911120807913
100000687,0.029215911120807913
100000669,0.029215911120807913
100000673,0.029215911120807913
100001870,0.029215911120807913
100001875,0.029215911120807913
100002100,0.029215911120807913
100000139,0.029215911120807913
100000006,0.029215911120807913
100000186,0.029215911120807913
100001712,0.029215911120807913
100001791,0.029215911120807913
100000761,0.029215911120807913
100000762,0.029215911120807913
100000147,0.029215911120807913
100000149,0.029215911120807913
100000129,0.029215911120807913
100002261,0.029215911120807913
100002263,0.029215911120807913
100002264,0.029215911120807913
100002267,0.029215911120807913
100002268,0.029215911120807913
100002269,0.029215911120807913
100002270,0.029215911120807913
100002273,0.029215911120807913
100002274,0.029215911120807913
100000854,0.029215911120807913
100002123,0.029215911120807913
100002124,0.029215911120807913
100002125,0.029215911120807913
100002126,0.029215911120807913
100002127,0.029215911120807913
100002128,0.029215911120807913
100002129,0.029215911120807913
100002130,0.029215911120807913
100002131,0.029215911120807913
100002132,0.029215911120807913
100002133,0.029215911120807913
100002134,0.029215911120807913
100002136,0.029215911120807913
100002137,0.029215911120807913
100002138,0.029215911120807913
100002258,0.029215911120807913
100002259,0.029215911120807913
100002260,0.029215911120807913
100002139,0.029215911120807913
100002141,0.029215911120807913
100002142,0.029215911120807913
100002143,0.029215911120807913
100002145,0.029215911120807913
100002146,0.029215911120807913
100002147,0.029215911120807913
100002148,0.029215911120807913
100002149,0.029215911120807913
100000102,0.029215911120807913
100001661,0.029215911120807913
100001714,0.029215911120807913
100002221,0.029215911120807913
100002160,0.029215911120807913
100002162,0.029215911120807913
100002164,0.029215911120807913
100000922,0.029215911120807913
100002240,0.029215911120807913
100002242,0.029215911120807913
100002243,0.029215911120807913
100002247,0.029215911120807913
100002248,0.029215911120807913
100002250,0.029215911120807913
100002251,0.029215911120807913
100002252,0.029215911120807913
100002253,0.029215911120807913
100002254,0.029215911120807913
100002255,0.029215911120807913
100002257,0.029215911120807913
100002222,0.029215911120807913
100000916,0.029215911120807913
100000891,0.029215911120807913
100002165,0.029215911120807913
100002168,0.029215911120807913
100002171,0.029215911120807913
100002172,0.029215911120807913
100002173,0.029215911120807913
100002174,0.029215911120807913
100002177,0.029215911120807913
100002179,0.029215911120807913
100000866,0.029215911120807913
100000114,0.029215911120807913
100002157,0.029215911120807913
100002158,0.029215911120807913
100002159,0.029215911120807913
100002209,0.029215911120807913
100002210,0.029215911120807913
100002180,0.029215911120807913
100002182,0.029215911120807913
100002184,0.029215911120807913
100002186,0.029215911120807913
100002188,0.029215911120807913
100002191,0.029215911120807913
100002193,0.029215911120807913
100002194,0.029215911120807913
100002195,0.029215911120807913
100002197,0.029215911120807913
100002198,0.029215911120807913
100002224,0.029215911120807913
100002225,0.029215911120807913
100002227,0.029215911120807913
100002233,0.029215911120807913
100002234,0.029215911120807913
100002235,0.029215911120807913
100002237,0.029215911120807913
100002238,0.029215911120807913
100000971,0.029215911120807913
100002228,0.029215911120807913
100000950,0.029215911120807913
100000936,0.029215911120807913
100001806,0.029215911120807913
100002199,0.029215911120807913
100002200,0.029215911120807913
100002203,0.029215911120807913
100002204,0.029215911120807913
100002205,0.029215911120807913
100002207,0.029215911120807913
100001974,0.029215911120807913
100001676,0.029215911120807913
100002229,0.029215911120807913
100001617,0.029215911120807913
100001574,0.029215911120807913
100001052,0.029215911120807913
100001570,0.029215911120807913
100001557,0.029215911120807913
100000048,0.029215911120807913
100002211,0.029215911120807913
100002213,0.029215911120807913
100002216,0.029215911120807913
100002217,0.029215911120807913
100002218,0.029215911120807913
100002219,0.029215911120807913
100001004,0.029215911120807913
100000047,0.029215911120807913
100000351,0.029215911120807913
100000355,0.029215911120807913
100001946,0.029215911120807913
100001947,0.029215911120807913
100001959,0.029215911120807913
100001961,0.029215911120807913
100001962,0.029215911120807913
100001964,0.029215911120807913
100001965,0.029215911120807913
100001969,0.029215911120807913
100001970,0.029215911120807913
100001971,0.029215911120807913
100000332,0.029215911120807913
100000336,0.029215911120807913
100000349,0.029215911120807913
100000546,0.028987489211064994
100001995,0.028987489211064994
100000005,0.028987489211064994
100002414,0.028975910706014976
100002416,0.028975910706014976
100002417,0.028975910706014976
100002419,0.028975910706014976
100002420,0.028975910706014976
100002400,0.028975910706014976
100002396,0.028975910706014976
100002392,0.028975910706014976
100002379,0.028975910706014976
100002377,0.028975910706014976
100000992,0.028975910706014976
100002401,0.028975910706014976
100002403,0.028975910706014976
100002404,0.028975910706014976
100001644,0.028975910706014976
100001635,0.028975910706014976
100001012,0.028975910706014976
100002357,0.028975910706014976
100002347,0.028975910706014976
100002349,0.028975910706014976
100001354,0.028975910706014976
100002410,0.028975910706014976
100002425,0.028975910706014976
100002428,0.028975910706014976
100002372,0.028975910706014976
100000588,0.028975910706014976
100000643,0.028975910706014976
100001204,0.028975910706014976
100002313,0.028975910706014976
100002314,0.028975910706014976
100002316,0.028975910706014976
100002317,0.028975910706014976
100002306,0.028975910706014976
100002308,0.028975910706014976
100002310,0.028975910706014976
100002312,0.028975910706014976
100000774,0.028975910706014976
100001111,0.028975910706014976
100000738,0.028975910706014976
100001809,0.028975910706014976
100002367,0.028975910706014976
100002369,0.028975910706014976
100002371,0.028975910706014976
100002370,0.028975910706014976
100002365,0.028975910706014976
100001473,0.028975910706014976
100002409,0.028975910706014976
100002427,0.028975910706014976
100002407,0.028975910706014976
100002413,0.028975910706014976
100002389,0.028975910706014976
100002387,0.028975910706014976
100002380,0.028975910706014976
100002385,0.028975910706014976
100002373,0.028975910706014976
100002320,0.028975910706014976
100002333,0.028975910706014976
100002336,0.028975910706014976
100002340,0.028975910706014976
100002329,0.028975910706014976
100000470,0.028975910706014976
100002330,0.028975910706014976
100001306,0.028975910706014976
100002354,0.028975910706014976
100002166,0.028580102038708026
100000322,0.02852995856541473
100002064,0.02852995856541473
100002181,0.02852995856541473
100000100,0.02852995856541473
100002175,0.02852995856541473
100000990,0.02852995856541473
100000861,0.02852995856541473
100001326,0.02852995856541473
100001998,0.02852995856541473
100001973,0.0280708940113945
100000042,0.0280708940113945
100000387,0.0280708940113945
100001702,0.0280708940113945
100000337,0.0280708940113945
100000346,0.0280708940113945
100001495,0.0280708940113945
100001807,0.0280708940113945
100002196,0.0280708940113945
100001527,0.0280708940113945
100000901,0.0280708940113945
100000862,0.0280708940113945
100001585,0.0280708940113945
100000863,0.0280708940113945
100000983,0.0280708940113945
100000023,0.0280708940113945
100001447,0.0280708940113945
100002007,0.0280708940113945
100000255,0.0280708940113945
100001106,0.0280708940113945
100002041,0.0280708940113945
100000220,0.0280708940113945
100000813,0.0280708940113945
100002110,0.0280708940113945
100000119,0.0280708940113945
100000170,0.0280708940113945
100000258,0.0280708940113945
100000131,0.0280708940113945
100000919,0.0280708940113945
100000126,0.0280708940113945
100002006,0.0280708940113945
100001528,0.0280708940113945
100000294,0.0280708940113945
100000321,0.028030983517509774
100000296,0.028030983517509774
100001254,0.028011049101403982
100001496,0.028011049101403982
100000138,0.027842391577981362
100001146,0.027842391577981362
100002239,0.027842391577981362
100000407,0.027842391577981362
100000301,0.027770740829111844
100000082,0.027770740829111844
100000383,0.027770740829111844
100002114,0.027770740829111844
100000028,0.027047755429634387
100000044,0.027047755429634387
100000334,0.027047755429634387
100001280,0.027047755429634387
100000480,0.027047755429634387
100001090,0.027047755429634387
100001543,0.027047755429634387
100001040,0.027047755429634387
100000848,0.027047755429634387
100000174,0.027047755429634387
100000189,0.027047755429634387
100000130,0.027047755429634387
100002069,0.027047755429634387
100000520,0.027047755429634387
100000199,0.027047755429634387
100002152,0.027047755429634387
100002262,0.027047755429634387
100000283,0.027047755429634387
100001855,0.027047755429634387
100000140,0.02701652322126801
100000760,0.02701652322126801
100002046,0.02701652322126801
100001923,0.02701652322126801
100001198,0.026718878041120712
100001883,0.026718878041120712
100000702,0.025832884324730587
100000244,0.025832884324730587
100000859,0.025676995306975935
100000032,0.025676995306975935
100000812,0.025676995306975935
100000685,0.025676995306975935
100000659,0.025676995306975935
100001083,0.025676995306975935
100000019,0.025676995306975935
100000324,0.025676995306975935
100000261,0.025676995306975935
100002118,0.025676995306975935
100000064,0.025676995306975935
100002039,0.025676995306975935
100001898,0.025676995306975935
100001599,0.023377743850583402
100001507,0.023377743850583402
100000994,0.021551880424513045
100000868,0.021551880424513045
100000515,0.021551880424513045
100000759,0.021551880424513045
100000276,0.021551880424513045
100000136,0.021551880424513045
100000766,0.021551880424513045
